user_id,country
0,USA
1,USA
2,Italy
3,Japan
4,Italy
5,India
6,Japan
7,France
8,Italy
9,USA
10,France
11,Germany
12,USA
13,India
14,Japan
15,Japan
16,Germany
17,Belgium
18,Japan
19,Japan
20,India
21,France
22,USA
23,Italy
24,India
25,USA
26,Japan
27,Italy
28,France
29,France
30,USA
31,Germany
32,Belgium
33,Italy
34,USA
35,Italy
36,India
37,Germany
38,Germany
39,Germany
40,France
41,USA
42,France
43,India
44,Belgium
45,USA
46,Belgium
47,Japan
48,USA
49,India
50,France
51,USA
52,France
53,France
54,Japan
55,Italy
56,USA
57,Belgium
58,France
59,Germany
60,Italy
61,Italy
62,India
63,India
64,India
65,Germany
66,Japan
67,Italy
68,Italy
69,France
70,Italy
71,Germany
72,USA
73,India
74,USA
75,France
76,Japan
77,USA
78,Germany
79,India
80,Belgium
81,India
82,Japan
83,USA
84,Belgium
85,France
86,USA
87,Italy
88,USA
89,France
90,Japan
91,Japan
92,Belgium
93,USA
94,Belgium
95,Germany
96,Italy
97,Belgium
98,Germany
99,Japan
100,USA
101,Germany
102,India
103,Germany
104,India
105,France
106,Japan
107,Belgium
108,Italy
109,India
110,France
111,Italy
112,France
113,USA
114,Germany
115,India
116,Belgium
117,Germany
118,Italy
119,Germany
120,Germany
121,Belgium
122,Belgium
123,Germany
124,India
125,Italy
126,Germany
127,USA
128,USA
129,Italy
130,France
131,Germany
132,Italy
133,Germany
134,Germany
135,Belgium
136,Italy
137,USA
138,Japan
139,Germany
140,Japan
141,USA
142,Italy
143,Italy
144,France
145,Italy
146,Germany
147,Belgium
148,Belgium
149,Germany
150,Japan
151,Italy
152,USA
153,India
154,Italy
155,France
156,Italy
157,Italy
158,Italy
159,France
160,Japan
161,India
162,Italy
163,India
164,Belgium
165,Belgium
166,Japan
167,Japan
168,USA
169,France
170,Belgium
171,Germany
172,France
173,Germany
174,France
175,Belgium
176,USA
177,Italy
178,USA
179,Germany
180,Germany
181,Belgium
182,Japan
183,Germany
184,Germany
185,India
186,France
187,Germany
188,France
189,Japan
190,USA
191,USA
192,USA
193,India
194,India
195,Japan
196,Belgium
197,India
198,Germany
199,Japan
200,Germany
201,Italy
202,Belgium
203,USA
204,India
205,Italy
206,Italy
207,Germany
208,Japan
209,India
210,Germany
211,Belgium
212,France
213,USA
214,India
215,USA
216,France
217,Belgium
218,India
219,France
220,India
221,France
222,Italy
223,Germany
224,India
225,France
226,Germany
227,India
228,Belgium
229,Germany
230,France
231,Germany
232,Italy
233,Japan
234,Germany
235,Japan
236,Italy
237,Japan
238,India
239,USA
240,Germany
241,France
242,India
243,Japan
244,Belgium
245,Belgium
246,France
247,Japan
248,Italy
249,USA
250,Belgium
251,Italy
252,Germany
253,USA
254,Germany
255,USA
256,Italy
257,India
258,Italy
259,India
260,USA
261,France
262,France
263,India
264,Japan
265,USA
266,Belgium
267,France
268,Italy
269,France
270,Germany
271,USA
272,France
273,Japan
274,Japan
275,USA
276,France
277,India
278,Japan
279,Belgium
280,Italy
281,Belgium
282,Germany
283,Italy
284,France
285,India
286,Belgium
287,Germany
288,France
289,India
290,France
291,Japan
292,USA
293,Japan
294,Japan
295,France
296,Belgium
297,Japan
298,Germany
299,India
300,USA
301,India
302,Germany
303,Japan
304,Japan
305,Belgium
306,France
307,Germany
308,Germany
309,France
310,India
311,Belgium
312,USA
313,USA
314,Japan
315,Italy
316,Italy
317,India
318,Italy
319,France
320,USA
321,USA
322,Italy
323,Germany
324,Belgium
325,Germany
326,India
327,Italy
328,France
329,Italy
330,Belgium
331,Germany
332,India
333,India
334,Italy
335,Germany
336,Germany
337,USA
338,Germany
339,Germany
340,USA
341,Italy
342,India
343,India
344,USA
345,Germany
346,Italy
347,USA
348,France
349,India
350,Belgium
351,Belgium
352,Japan
353,Belgium
354,France
355,France
356,France
357,Germany
358,Belgium
359,Italy
360,India
361,France
362,Belgium
363,France
364,France
365,India
366,USA
367,Japan
368,USA
369,USA
370,India
371,Italy
372,France
373,USA
374,Italy
375,USA
376,Japan
377,Japan
378,France
379,Japan
380,Italy
381,Japan
382,India
383,Belgium
384,India
385,Germany
386,India
387,France
388,France
389,France
390,Italy
391,India
392,Germany
393,India
394,Germany
395,Belgium
396,USA
397,India
398,France
399,Belgium
400,Italy
401,USA
402,Germany
403,India
404,France
405,Belgium
406,Belgium
407,France
408,Italy
409,Belgium
410,Belgium
411,Germany
412,Belgium
413,Germany
414,USA
415,Japan
416,Germany
417,India
418,Germany
419,USA
420,France
421,USA
422,France
423,USA
424,Germany
425,Germany
426,USA
427,USA
428,Italy
429,Belgium
430,Italy
431,Belgium
432,France
433,Germany
434,Italy
435,Belgium
436,Germany
437,USA
438,Italy
439,Italy
440,Germany
441,Italy
442,Germany
443,Italy
444,India
445,Japan
446,France
447,France
448,Japan
449,Germany
450,Japan
451,Germany
452,France
453,Italy
454,India
455,Germany
456,France
457,India
458,Japan
459,Italy
460,France
461,Japan
462,India
463,Germany
464,Belgium
465,USA
466,France
467,Belgium
468,India
469,Belgium
470,India
471,USA
472,France
473,Japan
474,Italy
475,Germany
476,Japan
477,India
478,Germany
479,Italy
480,Italy
481,USA
482,Belgium
483,Japan
484,France
485,Germany
486,Italy
487,Japan
488,Italy
489,Germany
490,Belgium
491,USA
492,Italy
493,Germany
494,France
495,France
496,Italy
497,Italy
498,Belgium
499,Japan
